{
  "accuracy": 0.52,
  "precision": 0.525,
  "recall": 0.42,
  "f1": 0.4667,
  "roc_auc": 0.586,
  "cv_score": 0.521,
  "confusion_matrix": {
    "tn": 31,
    "fp": 19,
    "fn": 29,
    "tp": 21
  },
  "feature_importance": {
    "Age": 0.07186654123023213,
    "Gender": 0.056563962078865195,
    "BMI": 0.09241248690492886,
    "Glucose": 0.09596521425141591,
    "Insulin": 0.1574868102333302,
    "BloodPressure": 0.13389545332612207,
    "SkinThickness": 0.0684742802861457,
    "DiabetesPedigreeFunction": 0.05160172270862568
  },
  "trained_at": "2026-06-23T07:11:51.388601+00:00",
  "is_best": true
}