{
  "accuracy": 0.65,
  "precision": 0.6383,
  "recall": 0.625,
  "f1": 0.6316,
  "roc_auc": 0.7063,
  "cv_score": 0.5622,
  "confusion_matrix": {
    "tn": 35,
    "fp": 17,
    "fn": 18,
    "tp": 30
  },
  "feature_importance": {
    "Age": 0.10576444119215012,
    "Gender": 0.07288920879364014,
    "ChestPainType": 0.10436780750751495,
    "RestingBP": 0.11377227306365967,
    "Cholesterol": 0.11737731844186783,
    "FastingBS": 0.08850901573896408,
    "RestingECG": 0.07795635610818863,
    "MaxHR": 0.10892193019390106,
    "ExerciseAngina": 0.10971169918775558,
    "STDepression": 0.10072996467351913
  },
  "trained_at": "2026-06-23T07:12:15.681279+00:00",
  "is_best": true
}