{
  "accuracy": 0.5,
  "precision": 0.475,
  "recall": 0.3958,
  "f1": 0.4318,
  "roc_auc": 0.5573,
  "cv_score": 0.5216,
  "confusion_matrix": {
    "tn": 31,
    "fp": 21,
    "fn": 29,
    "tp": 19
  },
  "feature_importance": {
    "Age": 0.010118423859734256,
    "Gender": 0.04781678834152283,
    "ChestPainType": 0.03329419404356542,
    "RestingBP": 0.06401032392528395,
    "Cholesterol": 0.12368821859106136,
    "FastingBS": 0.057491142756172044,
    "RestingECG": 0.08658922805570868,
    "MaxHR": 0.06016454853142256,
    "ExerciseAngina": 0.21892874615011435,
    "STDepression": 0.15667107214838522
  },
  "trained_at": "2026-06-23T07:12:06.966471+00:00",
  "is_best": false
}