{
  "accuracy": 0.48,
  "precision": 0.4634,
  "recall": 0.3878,
  "f1": 0.4222,
  "roc_auc": 0.4822,
  "cv_score": 0.4803,
  "confusion_matrix": {
    "tn": 29,
    "fp": 22,
    "fn": 30,
    "tp": 19
  },
  "feature_importance": {
    "Age": 0.11148648387120537,
    "BloodPressure": 0.1117739380167198,
    "SpecificGravity": 0.1285189882870294,
    "Albumin": 0.051022827247934645,
    "BloodGlucoseRandom": 0.12998901341281474,
    "BloodUrea": 0.12867323873600617,
    "SerumCreatinine": 0.1209197328304058,
    "Hemoglobin": 0.12218369662336087,
    "PackedCellVolume": 0.0954320809745231
  },
  "trained_at": "2026-06-23T07:12:26.305983+00:00",
  "is_best": false
}