{
  "accuracy": 0.54,
  "precision": 0.5366,
  "recall": 0.449,
  "f1": 0.4889,
  "roc_auc": 0.5002,
  "cv_score": 0.4779,
  "confusion_matrix": {
    "tn": 32,
    "fp": 19,
    "fn": 27,
    "tp": 22
  },
  "feature_importance": {
    "Age": 0.06469826140712556,
    "BloodPressure": 0.013633099830592464,
    "SpecificGravity": 0.0824427028626219,
    "Albumin": 0.0752243300310894,
    "BloodGlucoseRandom": 0.0798032825724288,
    "BloodUrea": 0.15923941789671803,
    "SerumCreatinine": 0.08718932272410168,
    "Hemoglobin": 0.05862187651101797,
    "PackedCellVolume": 0.033415078299220254
  },
  "trained_at": "2026-06-23T07:12:21.840963+00:00",
  "is_best": false
}