{
  "accuracy": 0.52,
  "precision": 0.5283,
  "recall": 0.549,
  "f1": 0.5385,
  "roc_auc": 0.513,
  "cv_score": 0.5525,
  "confusion_matrix": {
    "tn": 24,
    "fp": 25,
    "fn": 23,
    "tp": 28
  },
  "feature_importance": {
    "Age": 0.09589870793713151,
    "Gender": 0.013746558991427297,
    "TotalBilirubin": 0.11426843745041537,
    "DirectBilirubin": 0.10747270861419074,
    "AlkalinePhosphotase": 0.10419192132308118,
    "SGPT": 0.10254464957418956,
    "SGOT": 0.10891740341996843,
    "TotalProteins": 0.11257485856211279,
    "Albumin": 0.12674750403557108,
    "AlbuminAndGlobulinRatio": 0.11363725009191222
  },
  "trained_at": "2026-06-23T07:12:40.997953+00:00",
  "is_best": false
}